{"stats":{"minecraft:dropped":{"minecraft:dark_oak_stairs":1,"minecraft:brown_mushroom":7,"minecraft:wheat_seeds":1,"minecraft:iron_helmet":1,"minecraft:leather":1,"minecraft:diorite":1,"minecraft:stone_button":1,"minecraft:husk_spawn_egg":2,"minecraft:rose_bush":1,"minecraft:spruce_sapling":1,"minecraft:waxed_cut_copper_slab":4,"minecraft:nether_brick_slab":4,"minecraft:obsidian":2,"minecraft:rotten_flesh":4,"minecraft:iron_boots":1,"minecraft:shield":2,"minecraft:spruce_planks":2,"minecraft:iron_chestplate":4,"minecraft:leather_boots":1,"minecraft:red_nether_bricks":1,"minecraft:calcite":3},"minecraft:broken":{"simplyswords:gold_katana":1,"minecraft:stone_sword":1,"minecraft:shield":1,"minecraft:stone_axe":1},"minecraft:killed_by":{"minecraft:husk":1,"minecraft:player":1},"minecraft:mined":{"minecraft:mossy_cobblestone":1,"minecraft:dark_oak_leaves":4,"minecraft:red_nether_bricks":2,"minecraft:purple_terracotta":1,"minecraft:grass_block":3,"minecraft:stone_brick_wall":2,"minecraft:jungle_planks":5,"minecraft:brown_mushroom_block":24,"minecraft:spruce_leaves":21,"minecraft:spawner":5,"minecraft:hay_block":7,"minecraft:andesite":3,"minecraft:dark_oak_stairs":2,"minecraft:smooth_quartz_stairs":1,"minecraft:stone":6,"minecraft:podzol":3,"minecraft:soul_lantern":1,"minecraft:crafting_table":2,"minecraft:calcite":5,"minecraft:rose_bush":1,"minecraft:nether_brick_slab":2,"minecraft:tall_grass":2,"minecraft:cobblestone":19,"minecraft:spruce_stairs":1,"minecraft:purple_bed":4,"minecraft:spruce_log":56,"minecraft:grass":8,"minecraft:oak_log":4,"minecraft:dirt":5,"minecraft:crimson_planks":1,"minecraft:tripwire_hook":1,"minecraft:stone_bricks":1,"minecraft:fern":2},"minecraft:used":{"minecraft:stone_sword":135,"minecraft:shield":48,"minecraft:iron_sword":59,"minecraft:zombie_spawn_egg":1,"minecraft:sandstone_wall":1,"minecraft:torch":1,"minecraft:dirt":3,"simplyswords:gold_katana":34,"minecraft:diamond_helmet":1,"minecraft:stone_bricks":11,"minecraft:tripwire_hook":1,"minecraft:bow":19,"minecraft:sweet_berries":2,"minecraft:furnace":2,"minecraft:dark_oak_stairs":1,"minecraft:water_bucket":1,"minecraft:stone_pickaxe":8,"minecraft:oak_planks":8,"minecraft:wooden_pickaxe":18,"minecraft:crafting_table":6,"minecraft:bread":54,"minecraft:iron_pickaxe":122,"minecraft:cyan_carpet":1,"minecraft:stone_axe":131,"minecraft:cobblestone":10,"minecraft:purple_bed":4,"minecraft:andesite":2,"minecraft:bucket":1,"minecraft:husk_spawn_egg":1},"minecraft:killed":{"minecraft:spider":3,"minecraft:skeleton":5,"minecraft:husk":11,"graveyard:ghoul":1,"minecraft:sheep":1,"minecraft:zombie":2,"minecraft:cow":2},"minecraft:crafted":{"minecraft:oak_planks":16,"minecraft:furnace":1,"minecraft:stone_button":1,"minecraft:iron_boots":1,"minecraft:stone_pickaxe":1,"minecraft:wheat":63,"minecraft:crafting_table":2,"minecraft:spruce_planks":8,"minecraft:wooden_pickaxe":1,"minecraft:iron_helmet":1,"minecraft:iron_sword":1,"minecraft:stone_axe":1,"minecraft:bread":21,"simplyswords:gold_katana":1,"minecraft:shield":2,"minecraft:stick":12,"minecraft:stone_sword":1,"minecraft:iron_leggings":1},"minecraft:picked_up":{"minecraft:crafting_table":4,"minecraft:iron_chestplate":3,"minecraft:leather_leggings":1,"minecraft:brown_mushroom":7,"minecraft:stone_brick_wall":1,"minecraft:enchanted_book":3,"minecraft:crimson_planks":1,"minecraft:shield":1,"minecraft:string":58,"minecraft:waxed_cut_copper_slab":4,"minecraft:red_nether_bricks":1,"minecraft:cyan_carpet":1,"minecraft:spruce_planks":2,"minecraft:beef":5,"minecraft:rose_bush":2,"minecraft:calcite":3,"minecraft:smooth_quartz_stairs":1,"minecraft:iron_boots":1,"minecraft:furnace":2,"minecraft:stick":5,"minecraft:stone":165,"minecraft:torch":12,"minecraft:spruce_stairs":1,"minecraft:sandstone_wall":1,"minecraft:diorite":2,"minecraft:redstone":120,"minecraft:iron_horse_armor":3,"minecraft:purple_terracotta":1,"minecraft:zombie_spawn_egg":1,"minecraft:arrow":28,"minecraft:rotten_flesh":16,"minecraft:hay_block":7,"minecraft:gold_ingot":2,"minecraft:mutton":3,"minecraft:obsidian":4,"minecraft:skeleton_skull":3,"minecraft:white_wool":1,"minecraft:cobblestone":28,"minecraft:tripwire_hook":2,"minecraft:andesite":2,"minecraft:leather":9,"minecraft:filled_map":6,"minecraft:oak_log":4,"minecraft:dirt":13,"minecraft:lantern":1,"minecraft:leather_boots":2,"minecraft:bone":48,"minecraft:stone_bricks":22,"minecraft:bow":1,"minecraft:wheat_seeds":2,"minecraft:rabbit_hide":9,"minecraft:iron_ingot":19,"minecraft:mossy_stone_bricks":1,"minecraft:oak_planks":9,"minecraft:dark_oak_stairs":2,"minecraft:black_candle":1,"minecraft:sweet_berries":2,"patchouli:guide_book":3,"minecraft:jungle_planks":5,"minecraft:spruce_sapling":1,"minecraft:spruce_log":220,"minecraft:nether_brick_slab":4,"minecraft:mossy_cobblestone":1,"minecraft:husk_spawn_egg":3,"minecraft:purple_bed":5,"minecraft:diamond":2,"minecraft:golden_apple":1,"minecraft:emerald":6,"minecraft:bread":62,"minecraft:black_wool":1},"minecraft:custom":{"minecraft:interact_with_smithing_table":1,"minecraft:mob_kills":26,"minecraft:interact_with_crafting_table":23,"minecraft:open_barrel":21,"minecraft:damage_dealt_resisted":208,"minecraft:leave_game":21,"minecraft:time_since_death":30411,"minecraft:climb_one_cm":18420,"minecraft:damage_resisted":64,"minecraft:sprint_one_cm":258332,"minecraft:walk_one_cm":321079,"minecraft:damage_blocked_by_shield":1261,"minecraft:drop":33,"minecraft:talked_to_villager":1,"minecraft:play_time":107789,"minecraft:deaths":3,"minecraft:sneak_time":904,"minecraft:walk_under_water_one_cm":798,"minecraft:jump":1375,"minecraft:walk_on_water_one_cm":10922,"minecraft:total_world_time":107789,"minecraft:interact_with_furnace":7,"minecraft:sleep_in_bed":3,"minecraft:time_since_rest":30544,"minecraft:damage_taken":3434,"minecraft:damage_dealt":6679,"minecraft:swim_one_cm":6631,"minecraft:fly_one_cm":298679,"minecraft:open_chest":29,"minecraft:crouch_one_cm":3182,"minecraft:interact_with_smoker":2,"minecraft:fall_one_cm":41681}},"DataVersion":3465}