{"stats":{"minecraft:killed":{"minecraft:spider":6,"minecraft:skeleton":20,"minecraft:husk":10,"minecraft:iron_golem":1,"minecraft:sheep":1,"minecraft:zombie":15,"minecraft:player":1,"minecraft:cow":1},"minecraft:custom":{"minecraft:mob_kills":57,"minecraft:interact_with_crafting_table":29,"minecraft:open_barrel":33,"minecraft:damage_dealt_resisted":749,"minecraft:eat_cake_slice":8,"minecraft:leave_game":23,"minecraft:time_since_death":18841,"minecraft:climb_one_cm":19460,"minecraft:damage_resisted":62,"minecraft:sprint_one_cm":393187,"minecraft:walk_one_cm":352954,"minecraft:damage_blocked_by_shield":1165,"minecraft:drop":64,"minecraft:talked_to_villager":3,"minecraft:play_time":141200,"minecraft:deaths":1,"minecraft:sneak_time":11608,"minecraft:walk_under_water_one_cm":1535,"minecraft:jump":2825,"minecraft:walk_on_water_one_cm":8725,"minecraft:total_world_time":141200,"minecraft:interact_with_furnace":11,"minecraft:tune_noteblock":4,"minecraft:sleep_in_bed":1,"minecraft:time_since_rest":21476,"minecraft:damage_taken":2567,"minecraft:damage_dealt":14075,"minecraft:player_kills":1,"minecraft:fly_one_cm":640172,"minecraft:swim_one_cm":16921,"minecraft:open_chest":43,"minecraft:crouch_one_cm":44373,"minecraft:fall_one_cm":77573,"minecraft:inspect_dispenser":2},"minecraft:dropped":{"minecraft:bread":62,"minecraft:iron_ingot":4,"minecraft:shelter_pottery_sherd":1,"minecraft:wheat_seeds":2,"minecraft:dark_oak_sapling":1,"minecraft:cobblestone":1,"minecraft:lead":1,"minecraft:leather":2,"minecraft:sheaf_pottery_sherd":1,"minecraft:stick":1,"minecraft:black_candle":1,"minecraft:mutton":4,"minecraft:rose_bush":1,"minecraft:angler_pottery_sherd":1,"minecraft:string":4,"minecraft:mangrove_slab":2,"minecraft:spruce_sapling":1,"minecraft:waxed_cut_copper_slab":4,"minecraft:zombie_spawn_egg":1,"minecraft:smooth_stone_slab":2,"minecraft:rotten_flesh":6,"minecraft:oak_planks":14,"minecraft:iron_boots":1,"minecraft:carrot":1,"minecraft:sandstone_wall":1,"minecraft:spruce_trapdoor":1,"minecraft:iron_chestplate":4,"minecraft:mossy_stone_bricks":1,"minecraft:leather_boots":1,"minecraft:spider_eye":1,"minecraft:stone_bricks":10,"minecraft:leather_leggings":1,"minecraft:snort_pottery_sherd":1,"minecraft:spruce_slab":3,"minecraft:wooden_pickaxe":1,"minecraft:stone_pickaxe":1,"minecraft:black_wool":2},"minecraft:picked_up":{"minecraft:crafting_table":5,"minecraft:shelter_pottery_sherd":1,"minecraft:iron_chestplate":7,"simplyswords:diamond_katana":1,"minecraft:sentry_armor_trim_smithing_template":1,"minecraft:lead":2,"hangglider:glider_wing":1,"minecraft:stone_brick_stairs":1,"minecraft:shield":1,"minecraft:string":10,"minecraft:waxed_cut_copper_slab":4,"minecraft:iron_axe":1,"minecraft:smooth_stone_slab":2,"minecraft:red_nether_bricks":147,"minecraft:iron_leggings":1,"minecraft:gold_nugget":22,"minecraft:beef":2,"minecraft:rose_bush":1,"minecraft:calcite":30,"minecraft:smooth_quartz":6,"minecraft:iron_pickaxe":1,"minecraft:spruce_slab":3,"minecraft:coal_block":16,"minecraft:spruce_trapdoor":1,"minecraft:iron_boots":1,"minecraft:furnace":2,"minecraft:dark_oak_sapling":1,"minecraft:stick":5,"minecraft:raw_iron":2,"minecraft:sheaf_pottery_sherd":1,"hangglider:glider_framework":1,"minecraft:sandstone_wall":1,"minecraft:stone_button":1,"minecraft:carrot":3,"minecraft:zombie_spawn_egg":2,"minecraft:arrow":53,"minecraft:rotten_flesh":30,"minecraft:hay_block":31,"minecraft:gold_ingot":17,"minecraft:mutton":4,"minecraft:cobblestone":27,"minecraft:cooked_beef":2,"minecraft:tripwire_hook":1,"minecraft:water_bucket":1,"minecraft:leather":3,"minecraft:potato":8,"scout:pouch":1,"minecraft:oak_log":15,"minecraft:mangrove_slab":2,"minecraft:bone":38,"minecraft:apple":37,"minecraft:stone_bricks":10,"minecraft:wheat_seeds":2,"minecraft:iron_ingot":58,"minecraft:mossy_stone_bricks":1,"minecraft:oak_planks":27,"minecraft:black_candle":1,"minecraft:spruce_sapling":1,"minecraft:spruce_log":6,"minecraft:spider_eye":1,"minecraft:mossy_cobblestone":6,"minecraft:light_gray_concrete":1,"minecraft:snort_pottery_sherd":1,"minecraft:angler_pottery_sherd":1,"minecraft:soul_lantern":2,"minecraft:writable_book":1,"minecraft:iron_helmet":1,"minecraft:golden_apple":2,"minecraft:gray_wool":1,"minecraft:emerald":32,"minecraft:bread":60,"minecraft:black_wool":2,"minecraft:coal":72},"minecraft:killed_by":{"minecraft:zombie":1},"minecraft:used":{"minecraft:stone_sword":127,"minecraft:shield":31,"minecraft:zombie_spawn_egg":1,"minecraft:torch":6,"minecraft:iron_axe":16,"minecraft:bow":2,"minecraft:furnace":1,"minecraft:cooked_beef":16,"minecraft:water_bucket":6,"minecraft:leather_leggings":1,"minecraft:iron_ore":2,"simplyswords:diamond_katana":203,"minecraft:stone_pickaxe":90,"minecraft:red_nether_bricks":41,"minecraft:oak_planks":54,"minecraft:wooden_pickaxe":36,"minecraft:mossy_cobblestone":2,"minecraft:crafting_table":5,"minecraft:spruce_log":1,"minecraft:bread":25,"minecraft:iron_pickaxe":295,"minecraft:stone_axe":137,"minecraft:cobblestone":1,"minecraft:bucket":7,"minecraft:cobweb":1},"minecraft:crafted":{"hangglider:glider_framework":1,"minecraft:oak_planks":60,"minecraft:furnace":2,"hangglider:glider_wing":1,"minecraft:iron_boots":1,"minecraft:bow":1,"minecraft:iron_axe":1,"minecraft:stone_pickaxe":1,"minecraft:wheat":243,"minecraft:cooked_beef":2,"minecraft:emerald":9,"minecraft:crafting_table":1,"minecraft:wooden_pickaxe":1,"minecraft:iron_helmet":1,"minecraft:bucket":1,"minecraft:stone_axe":1,"minecraft:bread":81,"minecraft:air":0,"scout:pouch":1,"simplyswords:diamond_katana":1,"minecraft:stick":24,"minecraft:iron_pickaxe":2,"minecraft:iron_ingot":6,"minecraft:stone_sword":1,"minecraft:iron_leggings":1,"minecraft:torch":24},"minecraft:mined":{"minecraft:waxed_cut_copper_slab":2,"minecraft:mossy_cobblestone":8,"minecraft:red_nether_bricks":98,"minecraft:spruce_trapdoor":1,"minecraft:grass_block":6,"minecraft:decorated_pot":1,"minecraft:coal_block":8,"minecraft:spruce_leaves":9,"minecraft:spawner":6,"minecraft:large_fern":4,"minecraft:hay_block":29,"minecraft:black_stained_glass_pane":1,"minecraft:furnace":2,"minecraft:iron_ore":2,"minecraft:dark_oak_stairs":1,"minecraft:bookshelf":2,"minecraft:light_gray_concrete":1,"minecraft:smooth_quartz_stairs":1,"minecraft:stone":13,"minecraft:spruce_slab":3,"minecraft:tripwire":4,"minecraft:podzol":1,"minecraft:crafting_table":6,"minecraft:calcite":12,"minecraft:nether_brick_slab":1,"minecraft:mushroom_stem":11,"minecraft:tall_grass":9,"minecraft:cobblestone":16,"minecraft:oak_planks":22,"minecraft:diorite":1,"minecraft:gray_wool":1,"minecraft:black_stained_glass":2,"minecraft:sweet_berry_bush":1,"minecraft:spruce_log":6,"minecraft:stone_brick_stairs":1,"minecraft:smooth_stone_slab":1,"minecraft:grass":16,"minecraft:mangrove_slab":2,"minecraft:coal_ore":10,"minecraft:oak_log":15,"minecraft:cyan_carpet":1,"minecraft:smooth_quartz":6,"minecraft:sandstone_wall":2,"minecraft:cobweb":4,"minecraft:tripwire_hook":2,"minecraft:stone_bricks":10,"minecraft:mossy_stone_bricks":1,"minecraft:oak_leaves":3,"minecraft:fern":4},"minecraft:broken":{"minecraft:stone_sword":1,"minecraft:stone_axe":1,"minecraft:iron_pickaxe":1}},"DataVersion":3465}